{
    "version": "0.4",
    "title": "Gallery",
    "type": "page",
    "metadata": {
        "template_type": "single-page",
        "include_in_zip": "1",
        "elementor_pro_required": "1",
        "wp_page_template": "default"
    },
    "content": [
        {
            "id": "164be3f8",
            "settings": {
                "background_background": "classic",
                "background_image": {
                    "url": "https:\/\/theme.kotakkuning.com\/wp-content\/uploads\/2020\/07\/interior-of-independent-gift-and-fashion-store-wit-small.jpg",
                    "id": 847
                },
                "background_position": "initial",
                "background_overlay_background": "classic",
                "background_overlay_color": "#000000",
                "background_overlay_position": "center center",
                "background_overlay_attachment": "fixed",
                "background_overlay_opacity": {
                    "unit": "px",
                    "size": 0.55,
                    "sizes": []
                },
                "shape_divider_top": "wave-brush",
                "shape_divider_top_width": {
                    "unit": "%",
                    "size": 150,
                    "sizes": []
                },
                "shape_divider_top_height": {
                    "unit": "px",
                    "size": 60,
                    "sizes": []
                },
                "shape_divider_top_flip": "yes",
                "shape_divider_top_negative": "yes",
                "padding": {
                    "unit": "px",
                    "top": "150",
                    "right": "0",
                    "bottom": "100",
                    "left": "0",
                    "isLinked": false
                },
                "background_ypos": {
                    "unit": "px",
                    "size": -253,
                    "sizes": []
                },
                "background_size": "cover",
                "shape_divider_top_width_mobile": {
                    "unit": "%",
                    "size": 250,
                    "sizes": []
                },
                "shape_divider_top_height_mobile": {
                    "unit": "px",
                    "size": 30,
                    "sizes": []
                },
                "padding_mobile": {
                    "unit": "px",
                    "top": "50",
                    "right": "10",
                    "bottom": "30",
                    "left": "10",
                    "isLinked": false
                }
            },
            "elements": [
                {
                    "id": "7f3df4a7",
                    "settings": {
                        "_column_size": 100,
                        "_inline_size": null
                    },
                    "elements": [
                        {
                            "id": "78eee837",
                            "settings": {
                                "title": "Gallery",
                                "header_size": "h1",
                                "align": "center",
                                "title_color": "#FFFFFF",
                                "typography_typography": "custom",
                                "typography_font_family": "Montserrat",
                                "typography_text_transform": "uppercase",
                                "typography_letter_spacing": {
                                    "unit": "px",
                                    "size": 2,
                                    "sizes": []
                                },
                                "typography_font_size_mobile": {
                                    "unit": "px",
                                    "size": 35,
                                    "sizes": []
                                }
                            },
                            "elements": [],
                            "isInner": false,
                            "widgetType": "heading",
                            "elType": "widget"
                        }
                    ],
                    "isInner": false,
                    "elType": "column"
                }
            ],
            "isInner": false,
            "elType": "section"
        },
        {
            "id": "19a627f3",
            "settings": {
                "padding": {
                    "unit": "px",
                    "top": "100",
                    "right": "0",
                    "bottom": "50",
                    "left": "0",
                    "isLinked": false
                },
                "padding_mobile": {
                    "unit": "px",
                    "top": "50",
                    "right": "20",
                    "bottom": "0",
                    "left": "20",
                    "isLinked": false
                }
            },
            "elements": [
                {
                    "id": "78465ec0",
                    "settings": {
                        "_column_size": 100,
                        "_inline_size": null,
                        "content_position": "center",
                        "padding": {
                            "unit": "px",
                            "top": "20",
                            "right": "20",
                            "bottom": "20",
                            "left": "20",
                            "isLinked": true
                        }
                    },
                    "elements": [
                        {
                            "id": "75e09963",
                            "settings": {
                                "title": "Check out our work",
                                "align": "center",
                                "typography_typography": "custom",
                                "typography_font_family": "Montserrat",
                                "typography_text_transform": "uppercase",
                                "typography_letter_spacing": {
                                    "unit": "px",
                                    "size": 2,
                                    "sizes": []
                                }
                            },
                            "elements": [],
                            "isInner": false,
                            "widgetType": "heading",
                            "elType": "widget"
                        },
                        {
                            "id": "20094673",
                            "settings": {
                                "width": {
                                    "unit": "%",
                                    "size": 8,
                                    "sizes": []
                                },
                                "align": "center",
                                "text": "Divider",
                                "color": "#F59C8A",
                                "weight": {
                                    "unit": "px",
                                    "size": 5,
                                    "sizes": []
                                },
                                "gap": {
                                    "unit": "px",
                                    "size": 2,
                                    "sizes": []
                                },
                                "width_mobile": {
                                    "unit": "%",
                                    "size": 25,
                                    "sizes": []
                                }
                            },
                            "elements": [],
                            "isInner": false,
                            "widgetType": "divider",
                            "elType": "widget"
                        },
                        {
                            "id": "1d6d57a6",
                            "settings": {
                                "editor": "<p>Lorem ipsum dolor sit amet, consectetur adipiscing elit, sed do eiusmod tempor incididunt ut labore et dolore magna aliqua. <br \/>Ut enim ad minim veniam, quis nostrud exercitation ullamco laboris nisi ut aliquip ex ea commodo consequat. <br \/><br \/><\/p>",
                                "align": "center",
                                "_padding": {
                                    "unit": "px",
                                    "top": "20",
                                    "right": "0",
                                    "bottom": "20",
                                    "left": "0",
                                    "isLinked": false
                                }
                            },
                            "elements": [],
                            "isInner": false,
                            "widgetType": "text-editor",
                            "elType": "widget"
                        },
                        {
                            "id": "7fb8d8a5",
                            "settings": {
                                "structure": "30"
                            },
                            "elements": [
                                {
                                    "id": "5d3c3699",
                                    "settings": {
                                        "_column_size": 33,
                                        "_inline_size": null
                                    },
                                    "elements": [
                                        {
                                            "id": "3ed4686",
                                            "settings": {
                                                "graphic_element": "none",
                                                "title_text_a": "",
                                                "description_text_a": "",
                                                "background_a_background": "classic",
                                                "background_a_image": {
                                                    "url": "https:\/\/theme.kotakkuning.com\/wp-content\/uploads\/2020\/07\/artisans-working-with-ceramics-square.jpg",
                                                    "id": 849
                                                },
                                                "background_a_position": "center center",
                                                "background_a_size": "cover",
                                                "title_text_b": "handcrafted",
                                                "description_text_b": "Lorem ipsum dolor sit amet consectetur adipiscing elit dolor",
                                                "button_text": "",
                                                "background_b_background": "classic",
                                                "background_b_color": "#FDF8F4",
                                                "flip_direction": "left",
                                                "title_typography_b_typography": "custom",
                                                "title_typography_b_font_family": "Montserrat",
                                                "title_typography_b_font_weight": "bold",
                                                "title_typography_b_text_transform": "uppercase",
                                                "title_typography_b_letter_spacing": {
                                                    "unit": "px",
                                                    "size": 1,
                                                    "sizes": []
                                                },
                                                "description_color_b": "#7F7C7C",
                                                "flip_effect": "slide",
                                                "description_typography_b_typography": "custom",
                                                "background_a_color": "#FFFFFF"
                                            },
                                            "elements": [],
                                            "isInner": false,
                                            "widgetType": "flip-box",
                                            "elType": "widget"
                                        }
                                    ],
                                    "isInner": true,
                                    "elType": "column"
                                },
                                {
                                    "id": "18969433",
                                    "settings": {
                                        "_column_size": 33,
                                        "_inline_size": null
                                    },
                                    "elements": [
                                        {
                                            "id": "4668aad3",
                                            "settings": {
                                                "graphic_element": "none",
                                                "title_text_a": "",
                                                "description_text_a": "",
                                                "background_a_background": "classic",
                                                "background_a_image": {
                                                    "url": "https:\/\/theme.kotakkuning.com\/wp-content\/uploads\/2020\/07\/Gallery-2.jpg",
                                                    "id": 675
                                                },
                                                "background_a_position": "center center",
                                                "background_a_size": "cover",
                                                "title_text_b": "handcrafted",
                                                "description_text_b": "Lorem ipsum dolor sit amet consectetur adipiscing elit dolor",
                                                "button_text": "",
                                                "background_b_background": "classic",
                                                "background_b_color": "#FDF8F4",
                                                "flip_direction": "left",
                                                "title_typography_b_typography": "custom",
                                                "title_typography_b_font_family": "Montserrat",
                                                "title_typography_b_font_weight": "bold",
                                                "title_typography_b_text_transform": "uppercase",
                                                "title_typography_b_letter_spacing": {
                                                    "unit": "px",
                                                    "size": 1,
                                                    "sizes": []
                                                },
                                                "description_color_b": "#7F7C7C",
                                                "flip_effect": "slide",
                                                "description_typography_b_typography": "custom",
                                                "background_a_color": "#FFFFFF"
                                            },
                                            "elements": [],
                                            "isInner": false,
                                            "widgetType": "flip-box",
                                            "elType": "widget"
                                        }
                                    ],
                                    "isInner": true,
                                    "elType": "column"
                                },
                                {
                                    "id": "4cb31f1e",
                                    "settings": {
                                        "_column_size": 33,
                                        "_inline_size": null
                                    },
                                    "elements": [
                                        {
                                            "id": "39f72e1e",
                                            "settings": {
                                                "graphic_element": "none",
                                                "title_text_a": "",
                                                "description_text_a": "",
                                                "background_a_background": "classic",
                                                "background_a_image": {
                                                    "url": "https:\/\/theme.kotakkuning.com\/wp-content\/uploads\/2020\/07\/Gallery-3.jpg",
                                                    "id": 676
                                                },
                                                "background_a_position": "center center",
                                                "background_a_size": "cover",
                                                "title_text_b": "handcrafted",
                                                "description_text_b": "Lorem ipsum dolor sit amet consectetur adipiscing elit dolor",
                                                "button_text": "",
                                                "background_b_background": "classic",
                                                "background_b_color": "#FDF8F4",
                                                "flip_direction": "left",
                                                "title_typography_b_typography": "custom",
                                                "title_typography_b_font_family": "Montserrat",
                                                "title_typography_b_font_weight": "bold",
                                                "title_typography_b_text_transform": "uppercase",
                                                "title_typography_b_letter_spacing": {
                                                    "unit": "px",
                                                    "size": 1,
                                                    "sizes": []
                                                },
                                                "description_color_b": "#7F7C7C",
                                                "flip_effect": "slide",
                                                "background_a_color": "#FFFFFF"
                                            },
                                            "elements": [],
                                            "isInner": false,
                                            "widgetType": "flip-box",
                                            "elType": "widget"
                                        }
                                    ],
                                    "isInner": true,
                                    "elType": "column"
                                }
                            ],
                            "isInner": true,
                            "elType": "section"
                        },
                        {
                            "id": "43a196a0",
                            "settings": {
                                "structure": "30"
                            },
                            "elements": [
                                {
                                    "id": "5587f2b9",
                                    "settings": {
                                        "_column_size": 33,
                                        "_inline_size": null
                                    },
                                    "elements": [
                                        {
                                            "id": "4b83082a",
                                            "settings": {
                                                "graphic_element": "none",
                                                "title_text_a": "",
                                                "description_text_a": "",
                                                "background_a_background": "classic",
                                                "background_a_image": {
                                                    "url": "https:\/\/theme.kotakkuning.com\/wp-content\/uploads\/2020\/07\/Gallery-4.jpg",
                                                    "id": 677
                                                },
                                                "background_a_position": "center center",
                                                "background_a_size": "cover",
                                                "title_text_b": "handcrafted",
                                                "description_text_b": "Lorem ipsum dolor sit amet consectetur adipiscing elit dolor",
                                                "button_text": "",
                                                "background_b_background": "classic",
                                                "background_b_color": "#FDF8F4",
                                                "flip_direction": "left",
                                                "title_typography_b_typography": "custom",
                                                "title_typography_b_font_family": "Montserrat",
                                                "title_typography_b_font_weight": "bold",
                                                "title_typography_b_text_transform": "uppercase",
                                                "title_typography_b_letter_spacing": {
                                                    "unit": "px",
                                                    "size": 1,
                                                    "sizes": []
                                                },
                                                "description_color_b": "#7F7C7C",
                                                "flip_effect": "slide",
                                                "background_a_color": "#FFFFFF"
                                            },
                                            "elements": [],
                                            "isInner": false,
                                            "widgetType": "flip-box",
                                            "elType": "widget"
                                        }
                                    ],
                                    "isInner": true,
                                    "elType": "column"
                                },
                                {
                                    "id": "1a128ee9",
                                    "settings": {
                                        "_column_size": 33,
                                        "_inline_size": null
                                    },
                                    "elements": [
                                        {
                                            "id": "5488ed6a",
                                            "settings": {
                                                "graphic_element": "none",
                                                "title_text_a": "",
                                                "description_text_a": "",
                                                "background_a_background": "classic",
                                                "background_a_image": {
                                                    "url": "https:\/\/theme.kotakkuning.com\/wp-content\/uploads\/2020\/07\/Gallery-5.jpg",
                                                    "id": 678
                                                },
                                                "background_a_position": "center center",
                                                "background_a_size": "cover",
                                                "title_text_b": "handcrafted",
                                                "description_text_b": "Lorem ipsum dolor sit amet consectetur adipiscing elit dolor",
                                                "button_text": "",
                                                "background_b_background": "classic",
                                                "background_b_color": "#FDF8F4",
                                                "flip_direction": "left",
                                                "title_typography_b_typography": "custom",
                                                "title_typography_b_font_family": "Montserrat",
                                                "title_typography_b_font_weight": "bold",
                                                "title_typography_b_text_transform": "uppercase",
                                                "title_typography_b_letter_spacing": {
                                                    "unit": "px",
                                                    "size": 1,
                                                    "sizes": []
                                                },
                                                "description_color_b": "#7F7C7C",
                                                "flip_effect": "slide",
                                                "background_a_color": "#FFFFFF"
                                            },
                                            "elements": [],
                                            "isInner": false,
                                            "widgetType": "flip-box",
                                            "elType": "widget"
                                        }
                                    ],
                                    "isInner": true,
                                    "elType": "column"
                                },
                                {
                                    "id": "671d6039",
                                    "settings": {
                                        "_column_size": 33,
                                        "_inline_size": null
                                    },
                                    "elements": [
                                        {
                                            "id": "598cab11",
                                            "settings": {
                                                "graphic_element": "none",
                                                "title_text_a": "",
                                                "description_text_a": "",
                                                "background_a_background": "classic",
                                                "background_a_image": {
                                                    "url": "https:\/\/theme.kotakkuning.com\/wp-content\/uploads\/2020\/07\/Gallery-6.jpg",
                                                    "id": 679
                                                },
                                                "background_a_position": "center center",
                                                "background_a_size": "cover",
                                                "title_text_b": "handcrafted",
                                                "description_text_b": "Lorem ipsum dolor sit amet consectetur adipiscing elit dolor",
                                                "button_text": "",
                                                "background_b_background": "classic",
                                                "background_b_color": "#FDF8F4",
                                                "flip_direction": "left",
                                                "title_typography_b_typography": "custom",
                                                "title_typography_b_font_family": "Montserrat",
                                                "title_typography_b_font_weight": "bold",
                                                "title_typography_b_text_transform": "uppercase",
                                                "title_typography_b_letter_spacing": {
                                                    "unit": "px",
                                                    "size": 1,
                                                    "sizes": []
                                                },
                                                "description_color_b": "#7F7C7C",
                                                "flip_effect": "slide",
                                                "background_a_color": "#FFFFFF"
                                            },
                                            "elements": [],
                                            "isInner": false,
                                            "widgetType": "flip-box",
                                            "elType": "widget"
                                        }
                                    ],
                                    "isInner": true,
                                    "elType": "column"
                                }
                            ],
                            "isInner": true,
                            "elType": "section"
                        },
                        {
                            "id": "33c5590f",
                            "settings": {
                                "structure": "30"
                            },
                            "elements": [
                                {
                                    "id": "7c1276d2",
                                    "settings": {
                                        "_column_size": 33,
                                        "_inline_size": null
                                    },
                                    "elements": [
                                        {
                                            "id": "1967d960",
                                            "settings": {
                                                "graphic_element": "none",
                                                "title_text_a": "",
                                                "description_text_a": "",
                                                "background_a_background": "classic",
                                                "background_a_image": {
                                                    "url": "https:\/\/theme.kotakkuning.com\/wp-content\/uploads\/2020\/07\/Gallery-7.jpg",
                                                    "id": 680
                                                },
                                                "background_a_position": "center center",
                                                "background_a_size": "cover",
                                                "title_text_b": "handcrafted",
                                                "description_text_b": "Lorem ipsum dolor sit amet consectetur adipiscing elit dolor",
                                                "button_text": "",
                                                "background_b_background": "classic",
                                                "background_b_color": "#FDF8F4",
                                                "flip_direction": "left",
                                                "title_typography_b_typography": "custom",
                                                "title_typography_b_font_family": "Montserrat",
                                                "title_typography_b_font_weight": "bold",
                                                "title_typography_b_text_transform": "uppercase",
                                                "title_typography_b_letter_spacing": {
                                                    "unit": "px",
                                                    "size": 1,
                                                    "sizes": []
                                                },
                                                "description_color_b": "#7F7C7C",
                                                "flip_effect": "slide",
                                                "background_a_color": "#FFFFFF"
                                            },
                                            "elements": [],
                                            "isInner": false,
                                            "widgetType": "flip-box",
                                            "elType": "widget"
                                        }
                                    ],
                                    "isInner": true,
                                    "elType": "column"
                                },
                                {
                                    "id": "4bd24021",
                                    "settings": {
                                        "_column_size": 33,
                                        "_inline_size": null
                                    },
                                    "elements": [
                                        {
                                            "id": "1847d98d",
                                            "settings": {
                                                "graphic_element": "none",
                                                "title_text_a": "",
                                                "description_text_a": "",
                                                "background_a_background": "classic",
                                                "background_a_image": {
                                                    "url": "https:\/\/theme.kotakkuning.com\/wp-content\/uploads\/2020\/07\/Gallery-8.jpg",
                                                    "id": 681
                                                },
                                                "background_a_position": "center center",
                                                "background_a_size": "cover",
                                                "title_text_b": "handcrafted",
                                                "description_text_b": "Lorem ipsum dolor sit amet consectetur adipiscing elit dolor",
                                                "button_text": "",
                                                "background_b_background": "classic",
                                                "background_b_color": "#FDF8F4",
                                                "flip_direction": "left",
                                                "title_typography_b_typography": "custom",
                                                "title_typography_b_font_family": "Montserrat",
                                                "title_typography_b_font_weight": "bold",
                                                "title_typography_b_text_transform": "uppercase",
                                                "title_typography_b_letter_spacing": {
                                                    "unit": "px",
                                                    "size": 1,
                                                    "sizes": []
                                                },
                                                "description_color_b": "#7F7C7C",
                                                "flip_effect": "slide",
                                                "background_a_color": "#FFFFFF"
                                            },
                                            "elements": [],
                                            "isInner": false,
                                            "widgetType": "flip-box",
                                            "elType": "widget"
                                        }
                                    ],
                                    "isInner": true,
                                    "elType": "column"
                                },
                                {
                                    "id": "1a3efbb6",
                                    "settings": {
                                        "_column_size": 33,
                                        "_inline_size": null
                                    },
                                    "elements": [
                                        {
                                            "id": "7d2f10d0",
                                            "settings": {
                                                "graphic_element": "none",
                                                "title_text_a": "",
                                                "description_text_a": "",
                                                "background_a_background": "classic",
                                                "background_a_image": {
                                                    "url": "https:\/\/theme.kotakkuning.com\/wp-content\/uploads\/2020\/07\/Gallery-9.jpg",
                                                    "id": 682
                                                },
                                                "background_a_position": "center center",
                                                "background_a_size": "cover",
                                                "title_text_b": "handcrafted",
                                                "description_text_b": "Lorem ipsum dolor sit amet consectetur adipiscing elit dolor",
                                                "button_text": "",
                                                "background_b_background": "classic",
                                                "background_b_color": "#FDF8F4",
                                                "flip_direction": "left",
                                                "title_typography_b_typography": "custom",
                                                "title_typography_b_font_family": "Montserrat",
                                                "title_typography_b_font_weight": "bold",
                                                "title_typography_b_text_transform": "uppercase",
                                                "title_typography_b_letter_spacing": {
                                                    "unit": "px",
                                                    "size": 1,
                                                    "sizes": []
                                                },
                                                "description_color_b": "#7F7C7C",
                                                "flip_effect": "slide",
                                                "background_a_color": "#FFFFFF"
                                            },
                                            "elements": [],
                                            "isInner": false,
                                            "widgetType": "flip-box",
                                            "elType": "widget"
                                        }
                                    ],
                                    "isInner": true,
                                    "elType": "column"
                                }
                            ],
                            "isInner": true,
                            "elType": "section"
                        }
                    ],
                    "isInner": false,
                    "elType": "column"
                }
            ],
            "isInner": false,
            "elType": "section"
        },
        {
            "id": "6352103b",
            "settings": {
                "gap": "no",
                "custom_height": {
                    "unit": "px",
                    "size": 800
                },
                "content_position": "middle",
                "padding": {
                    "unit": "px",
                    "top": "0",
                    "right": "0",
                    "bottom": "100",
                    "left": "0",
                    "isLinked": false
                },
                "padding_tablet": {
                    "unit": "px",
                    "top": "100",
                    "right": "25",
                    "bottom": "100",
                    "left": "25",
                    "isLinked": false
                },
                "padding_mobile": {
                    "unit": "px",
                    "top": "10",
                    "right": "20",
                    "bottom": "50",
                    "left": "20",
                    "isLinked": false
                },
                "background_image": {
                    "url": "https:\/\/theme.kotakkuning.com\/wp-content\/uploads\/2020\/07\/photo-of-woman-sitting-by-the-table-4348082a-scaled.jpg",
                    "id": 67
                },
                "background_background": "classic",
                "background_overlay_background": "classic",
                "background_overlay_color": "#FFFFFF",
                "background_overlay_opacity": {
                    "unit": "px",
                    "size": 1,
                    "sizes": []
                }
            },
            "elements": [
                {
                    "id": "194c5042",
                    "settings": {
                        "_column_size": 100
                    },
                    "elements": [
                        {
                            "id": "4612a16e",
                            "settings": {
                                "title": "Found Something Interesting?",
                                "align": "center",
                                "title_color": "#F59C8A",
                                "typography_typography": "custom",
                                "typography_font_size": {
                                    "unit": "px",
                                    "size": 32
                                },
                                "typography_font_size_mobile": {
                                    "unit": "px",
                                    "size": 28
                                },
                                "typography_font_family": "Montserrat",
                                "_margin": {
                                    "unit": "px",
                                    "top": "20",
                                    "right": "0",
                                    "bottom": "0",
                                    "left": "0",
                                    "isLinked": false
                                },
                                "typography_line_height_mobile": {
                                    "unit": "em",
                                    "size": 1.2,
                                    "sizes": []
                                }
                            },
                            "elements": [],
                            "isInner": false,
                            "widgetType": "heading",
                            "elType": "widget"
                        },
                        {
                            "id": "529428d5",
                            "settings": {
                                "title": "We can make anything you can imagine!",
                                "header_size": "h5",
                                "align": "center",
                                "typography_typography": "custom",
                                "typography_font_size": {
                                    "unit": "px",
                                    "size": ""
                                },
                                "typography_text_transform": "uppercase",
                                "typography_letter_spacing": {
                                    "unit": "px",
                                    "size": 2
                                },
                                "typography_line_height_mobile": {
                                    "unit": "em",
                                    "size": 1.5
                                },
                                "typography_font_family": "Montserrat"
                            },
                            "elements": [],
                            "isInner": false,
                            "widgetType": "heading",
                            "elType": "widget"
                        },
                        {
                            "id": "2f4bb7c1",
                            "settings": {
                                "text": "contact us",
                                "align": "center",
                                "typography_typography": "custom",
                                "typography_font_weight": "bold",
                                "typography_text_transform": "uppercase",
                                "typography_letter_spacing": {
                                    "unit": "px",
                                    "size": 1,
                                    "sizes": []
                                },
                                "button_text_color": "#FFFFFF",
                                "background_color": "#F59C8A",
                                "border_radius": {
                                    "unit": "px",
                                    "top": "50",
                                    "right": "50",
                                    "bottom": "50",
                                    "left": "50",
                                    "isLinked": true
                                },
                                "_animation": "fadeInUp",
                                "typography_font_family": "Montserrat",
                                "hover_animation": "float",
                                "_margin": {
                                    "unit": "px",
                                    "top": "20",
                                    "right": "0",
                                    "bottom": "0",
                                    "left": "0",
                                    "isLinked": false
                                },
                                "_margin_mobile": {
                                    "unit": "px",
                                    "top": "0",
                                    "right": "0",
                                    "bottom": "0",
                                    "left": "0",
                                    "isLinked": true
                                }
                            },
                            "elements": [],
                            "isInner": false,
                            "widgetType": "button",
                            "elType": "widget"
                        }
                    ],
                    "isInner": false,
                    "elType": "column"
                }
            ],
            "isInner": false,
            "elType": "section"
        }
    ],
    "page_settings": {
        "hide_title": "yes"
    }
}