{
    "version": "0.4",
    "title": "Global Kit Styles",
    "type": "section",
    "metadata": {
        "template_type": "global-styles",
        "include_in_zip": "1",
        "elementor_pro_required": null,
        "additional_template_information": [
            "These are the global theme styles configured through the Elementor Theme Styles area."
        ],
        "wp_page_template": "default"
    },
    "content": [],
    "page_settings": {
        "body_color": "#7F7C7C",
        "h1_color": "#393B3F",
        "h3_color": "#393B3F",
        "h3_typography_typography": "custom",
        "h4_typography_typography": "custom",
        "body_typography_typography": "custom",
        "body_typography_font_family": "Noto Sans",
        "body_typography_font_size": {
            "unit": "px",
            "size": "15",
            "sizes": []
        },
        "body_typography_line_height": {
            "unit": "em",
            "size": "1.7",
            "sizes": []
        },
        "h1_typography_typography": "custom",
        "h1_typography_font_family": "Montserrat",
        "h1_typography_font_size": {
            "unit": "px",
            "size": "52",
            "sizes": []
        },
        "h1_typography_font_weight": "800",
        "h1_typography_line_height": {
            "unit": "em",
            "size": "1.5",
            "sizes": []
        },
        "h2_color": "#393B3F",
        "h2_typography_typography": "custom",
        "h2_typography_font_family": "Montserrat",
        "h2_typography_font_size": {
            "unit": "px",
            "size": "32",
            "sizes": []
        },
        "h2_typography_font_weight": "700",
        "h2_typography_line_height": {
            "unit": "em",
            "size": "1.5",
            "sizes": []
        },
        "h4_color": "#393B3F",
        "h4_typography_font_family": "Montserrat",
        "h4_typography_font_size": {
            "unit": "px",
            "size": "18",
            "sizes": []
        },
        "h4_typography_line_height": {
            "unit": "em",
            "size": "1.5",
            "sizes": []
        },
        "h5_color": "#393B3F",
        "h5_typography_typography": "custom",
        "h5_typography_font_family": "Montserrat",
        "h5_typography_font_size": {
            "unit": "px",
            "size": "15",
            "sizes": []
        },
        "h5_typography_font_weight": "300",
        "h5_typography_line_height": {
            "unit": "em",
            "size": "1",
            "sizes": []
        },
        "h2_typography_letter_spacing": {
            "unit": "px",
            "size": "2",
            "sizes": []
        },
        "h4_typography_letter_spacing": {
            "unit": "px",
            "size": "1.5",
            "sizes": []
        },
        "h5_typography_letter_spacing": {
            "unit": "px",
            "size": "2",
            "sizes": []
        },
        "h3_typography_font_family": "Montserrat",
        "h3_typography_font_size": {
            "unit": "px",
            "size": "24",
            "sizes": []
        },
        "h3_typography_font_weight": "700",
        "h3_typography_line_height": {
            "unit": "em",
            "size": "1.5",
            "sizes": []
        },
        "h3_typography_letter_spacing": {
            "unit": "px",
            "size": "2",
            "sizes": []
        },
        "h4_typography_font_weight": "700"
    }
}