{
    "version": "0.4",
    "title": "Header",
    "type": "header",
    "metadata": {
        "template_type": "section-header",
        "include_in_zip": "1",
        "elementor_pro_required": "1",
        "elementor_library_type": "header",
        "elementor_pro_conditions": [
            "include\/general"
        ],
        "additional_template_information": [
            "This is a \"Header\" template for Elementor Pro.",
            "This template will display on: Entire Site."
        ],
        "wp_page_template": "default"
    },
    "content": [
        {
            "id": "7ce4752a",
            "settings": {
                "gap": "no",
                "custom_height": {
                    "unit": "px",
                    "size": 80
                },
                "content_position": "middle",
                "structure": "30",
                "background_background": "classic",
                "background_color": "#ffffff",
                "margin": {
                    "unit": "px",
                    "top": "",
                    "right": 0,
                    "bottom": "",
                    "left": 0,
                    "isLinked": true
                },
                "padding_tablet": {
                    "unit": "px",
                    "top": "30",
                    "right": "20",
                    "bottom": "30",
                    "left": "20",
                    "isLinked": false
                },
                "padding_mobile": {
                    "unit": "px",
                    "top": "20",
                    "right": "20",
                    "bottom": "20",
                    "left": "20",
                    "isLinked": false
                },
                "height": "min-height",
                "background_color_b": "#f9f9f9",
                "html_tag": "header",
                "_timestamp_": "v1Snl2Lzg0UWsrMElyL3BlWW5EazZOUT09"
            },
            "elements": [
                {
                    "id": "17aaab0c",
                    "settings": {
                        "_column_size": 33,
                        "_inline_size": null
                    },
                    "elements": [
                        {
                            "id": "fb2b78f",
                            "settings": {
                                "title": "CRAFTSO",
                                "typography_typography": "custom",
                                "typography_font_family": "Montserrat",
                                "typography_font_weight": "800",
                                "typography_letter_spacing": {
                                    "unit": "px",
                                    "size": 6.6,
                                    "sizes": []
                                },
                                "title_color": "#F59C8A",
                                "align_mobile": "center"
                            },
                            "elements": [],
                            "isInner": false,
                            "widgetType": "heading",
                            "elType": "widget"
                        },
                        {
                            "id": "33c8a7fc",
                            "settings": {
                                "align_items": "center",
                                "animation_text": "sink",
                                "full_width": "stretch",
                                "menu_typography_typography": "custom",
                                "menu_typography_font_size": {
                                    "unit": "px",
                                    "size": 15
                                },
                                "menu_typography_font_weight": "500",
                                "color_menu_item": "#2a302f",
                                "color_menu_item_hover": "#F59C8A",
                                "pointer_color_menu_item_hover": "#F59C8A",
                                "pointer_width": {
                                    "unit": "px",
                                    "size": 5
                                },
                                "padding_vertical_menu_item": {
                                    "unit": "px",
                                    "size": 40
                                },
                                "color_dropdown_item": "#000000",
                                "background_color_dropdown_item": "#FFFFFF",
                                "color_dropdown_item_hover": "#F59C8A",
                                "background_color_dropdown_item_hover": "#FBFBFB",
                                "dropdown_typography_typography": "custom",
                                "dropdown_typography_font_size": {
                                    "unit": "px",
                                    "size": 15
                                },
                                "dropdown_top_distance_tablet": {
                                    "unit": "px",
                                    "size": 45
                                },
                                "dropdown_top_distance_mobile": {
                                    "unit": "px",
                                    "size": 35
                                },
                                "toggle_color": "#000000",
                                "toggle_background_color": "rgba(0,0,0,0)",
                                "toggle_color_hover": "#F59C8A",
                                "toggle_size": {
                                    "unit": "px",
                                    "size": 25
                                },
                                "toggle_border_width": {
                                    "unit": "px",
                                    "size": 0
                                },
                                "toggle_border_radius": {
                                    "unit": "px",
                                    "size": 0
                                },
                                "text_align": "center",
                                "dropdown": "mobile",
                                "_margin_mobile": {
                                    "unit": "px",
                                    "top": "0",
                                    "right": "0",
                                    "bottom": "0",
                                    "left": "0",
                                    "isLinked": true
                                },
                                "_padding_mobile": {
                                    "unit": "px",
                                    "top": "0",
                                    "right": "0",
                                    "bottom": "0",
                                    "left": "0",
                                    "isLinked": true
                                },
                                "hide_desktop": "hidden-desktop",
                                "hide_tablet": "hidden-tablet"
                            },
                            "elements": [],
                            "isInner": false,
                            "widgetType": "nav-menu",
                            "elType": "widget"
                        }
                    ],
                    "isInner": false,
                    "elType": "column"
                },
                {
                    "id": "1c47c6bc",
                    "settings": {
                        "_column_size": 33,
                        "_inline_size": 60.088,
                        "_inline_size_mobile": 35,
                        "hide_mobile": "hidden-phone"
                    },
                    "elements": [
                        {
                            "id": "2af0367b",
                            "settings": {
                                "align_items": "right",
                                "animation_text": "sink",
                                "full_width": "stretch",
                                "menu_typography_typography": "custom",
                                "menu_typography_font_size": {
                                    "unit": "px",
                                    "size": 15
                                },
                                "menu_typography_font_weight": "500",
                                "color_menu_item": "#2a302f",
                                "color_menu_item_hover": "#F59C8A",
                                "pointer_color_menu_item_hover": "#F59C8A",
                                "pointer_width": {
                                    "unit": "px",
                                    "size": 5
                                },
                                "padding_vertical_menu_item": {
                                    "unit": "px",
                                    "size": 40
                                },
                                "color_dropdown_item": "#000000",
                                "background_color_dropdown_item": "#FFFFFF",
                                "color_dropdown_item_hover": "#F59C8A",
                                "background_color_dropdown_item_hover": "#FBFBFB",
                                "dropdown_typography_typography": "custom",
                                "dropdown_typography_font_size": {
                                    "unit": "px",
                                    "size": 15
                                },
                                "dropdown_top_distance_tablet": {
                                    "unit": "px",
                                    "size": 45
                                },
                                "dropdown_top_distance_mobile": {
                                    "unit": "px",
                                    "size": 35
                                },
                                "toggle_color": "#000000",
                                "toggle_background_color": "rgba(0,0,0,0)",
                                "toggle_color_hover": "#F59C8A",
                                "toggle_size": {
                                    "unit": "px",
                                    "size": 25
                                },
                                "toggle_border_width": {
                                    "unit": "px",
                                    "size": 0
                                },
                                "toggle_border_radius": {
                                    "unit": "px",
                                    "size": 0
                                },
                                "text_align": "center",
                                "dropdown": "mobile"
                            },
                            "elements": [],
                            "isInner": false,
                            "widgetType": "nav-menu",
                            "elType": "widget"
                        }
                    ],
                    "isInner": false,
                    "elType": "column"
                },
                {
                    "id": "64408fc9",
                    "settings": {
                        "_column_size": 33,
                        "_inline_size": 6.217,
                        "_inline_size_mobile": 15
                    },
                    "elements": [
                        {
                            "id": "4d3f6c2f",
                            "settings": {
                                "skin": "full_screen",
                                "placeholder": "Search...",
                                "button_text": "Search",
                                "toggle_align": "right",
                                "toggle_size": {
                                    "unit": "px",
                                    "size": 40
                                },
                                "overlay_background_color": "rgba(0,0,0,0.87)",
                                "input_typography_typography": "custom",
                                "input_typography_font_size": {
                                    "unit": "px",
                                    "size": 35
                                },
                                "toggle_color": "#2a302f",
                                "toggle_icon_size": {
                                    "unit": "px",
                                    "size": 50
                                },
                                "toggle_background_color": "rgba(0,0,0,0)",
                                "hide_mobile": "hidden-phone"
                            },
                            "elements": [],
                            "isInner": false,
                            "widgetType": "search-form",
                            "elType": "widget"
                        }
                    ],
                    "isInner": false,
                    "elType": "column"
                }
            ],
            "isInner": false,
            "elType": "section"
        }
    ],
    "page_settings": {
        "content_wrapper_html_tag": "header"
    }
}